{
  "project_info": {
    "project_number": "122439638447",
    "project_id": "hellome-db49b",
    "storage_bucket": "hellome-db49b.appspot.com"
  },
  "client": [
    {
      "client_info": {
        "mobilesdk_app_id": "1:122439638447:android:e1d8cf2fb851a8481d235a",
        "android_client_info": {
          "package_name": "com.technion.android.hello_me"
        }
      },
      "oauth_client": [
        {
          "client_id": "122439638447-fg71ett24pmip9ibhcsptf15oave6tp7.apps.googleusercontent.com",
          "client_type": 3
        }
      ],
      "api_key": [
        {
          "current_key": "AIzaSyBvB_uk83QTp6k2RS5Xr8bsyfTDmcuTlLQ"
        }
      ],
      "services": {
        "appinvite_service": {
          "other_platform_oauth_client": [
            {
              "client_id": "122439638447-fg71ett24pmip9ibhcsptf15oave6tp7.apps.googleusercontent.com",
              "client_type": 3
            }
          ]
        }
      }
    }
  ],
  "configuration_version": "1"
}